age_group,median_relative_change_infections,q25_relative_change_infections,q75_relative_change_infections,median_relative_change_symptomatic_cases,countries_with_infection_increase
adolescent_10_17y,0.003558331952323404,-0.0001746961008806697,0.010222033416694398,0.004710839006920362,7
child_1_4y,0.006543383512316068,0.00216402192036349,0.015322963762981666,0.007729050531420184,8
child_5_9y,0.007231047586460022,-0.0005767906806657898,0.015632290947234104,0.01653229925105309,7
elderly_65plus,0.0031043821342777765,-0.0011240230048287928,0.011640356904092736,0.0030962176859718306,7
infant_0_2m,0.006603878824517498,0.003211274398845873,0.015510574715927835,0.006602946412684634,8
infant_3_11m,0.011293397847804296,0.007227388067308576,0.018953505701585476,0.05274923814241633,9
middle_adult_40_64y,0.003289301101970299,0.0004182267264622534,0.01126762162125282,0.0032876411188245006,7
young_adult_18_39y,0.003919805695667794,0.0006700876497788416,0.01084582760566662,0.004311799827749146,8
