age_group,median_relative_change_infections,q25_relative_change_infections,q75_relative_change_infections,median_relative_change_symptomatic_cases,countries_with_infection_increase
adolescent_10_17y,0.008190037710744523,0.0031601960050458024,0.04637748919949809,0.008822895427481953,9
child_1_4y,0.011551862269434585,0.005686744568792953,0.0491459829336806,0.019686547979349503,9
child_5_9y,0.015054385227810664,0.0083532933797218,0.05264180836525865,0.029526428317425926,9
elderly_65plus,0.00944315676533573,0.002733270600458912,0.045666716543331334,0.009429414851754442,9
infant_0_2m,0.011013740183695626,0.005262212480901728,0.048730989084623894,0.011013431261810156,9
infant_3_11m,0.011013404167088677,0.005227469438987723,0.04865086098312294,0.01098409924784687,9
middle_adult_40_64y,0.008224428707524687,0.0028035215074713785,0.04601915270914944,0.008183659906221408,9
young_adult_18_39y,0.007906163905254704,0.0026652035396179195,0.04605884308594449,0.007852564537568813,9
