country,iso3,reciprocity_correction_applied,reciprocity_error_before,reciprocity_error_after,source_type
Australia,AUS,True,0.39768611325300385,1.5945363918444648e-16,derived
China,CHN,True,0.2996981016017802,1.3727763952796803e-16,derived
United_Kingdom,GBR,True,0.20601061905817072,1.3314218124535901e-16,derived
Japan,JPN,True,0.6081848698380783,1.4296925442994078e-16,derived
New_Zealand,NZL,True,0.12346961830831721,0.0,derived
Sweden,SWE,True,0.15238713350494393,1.4422650284003412e-16,derived
Singapore,SGP,True,0.20596809070961594,1.8052952247194807e-16,derived
United_States,USA,True,0.13874021767171485,1.3760601613531112e-16,derived
