country,iso3,seasonal_amplitude,seasonal_phase,seasonal_concentration,multi_year_period_years,multi_year_amplitude,multi_year_supported,observed_peak_years,observed_mean_annual_reported_incidence_per_100k,observed_peak_annual_reported_incidence_per_100k,source,source_type
Australia,AUS,0.1490046870449343,310.62549938174885,0.125463067354426,4.0,0.0,False,,36.3181373901372,85.3271868522487,PertussisIncidence reported case time series,derived
China,CHN,0.17378260866097542,223.07155756834547,0.1705138339290462,4.0,0.0,False,2019,1.3152114557490577,2.7963883977099555,PertussisIncidence reported case time series,derived
United_Kingdom,GBR,0.12359662496826056,335.2947475501588,0.07926659085138282,3.0,0.10584535707937201,True,2016;2019,3.4603438467970373,6.483412825997423,PertussisIncidence reported case time series,derived
Japan,JPN,0.13773119077960697,250.78907819693833,0.1049658014174672,4.0,0.0,False,2019,2.7520718255350562,9.514279928713094,PertussisIncidence reported case time series,derived
New_Zealand,NZL,0.1689305077517721,343.4662248513831,0.16169183227594922,4.0,0.0,False,2018,20.010514756530288,58.265910614602895,PertussisIncidence reported case time series,derived
Sweden,SWE,0.17876860773493963,292.98819277551263,0.17957928679079935,4.0,0.0,False,2017,4.2532154951495755,7.629251364783035,PertussisIncidence reported case time series,derived
Singapore,SGP,0.1119228616245117,71.71568752248216,0.05804156659002126,4.0,0.0,False,2018,0.8003561412089645,1.8655783435374422,PertussisIncidence reported case time series,derived
United_States,USA,0.084545400478512,147.96694980916106,0.008264364506385442,4.0,0.0,False,2019,1.1079495407042086,2.243816174944993,PertussisIncidence reported case time series,derived
