country,iso3,seasonal_amplitude,seasonal_phase,seasonal_concentration,multi_year_period_years,multi_year_amplitude,observed_peak_years,source
Australia,AUS,0.1632385361647626,278.2972003025669,0.1513427930268411,4.0,0.12207382672973816,2024,PertussisIncidence reported case time series
China,CHN,0.30459764378269866,140.54518399462617,0.4083593523321793,4.0,0.18,2024,PertussisIncidence reported case time series
United_Kingdom,GBR,0.19595482922135526,130.55576099498956,0.21082696222064595,4.0,0.1740989858410427,2024,PertussisIncidence reported case time series
Japan,JPN,0.32469286912553436,183.1186240906062,0.4448961256827897,4.0,0.18,2019,PertussisIncidence reported case time series
New_Zealand,NZL,0.17359185143031747,341.26566654664384,0.1701670026005772,4.0,0.10463124557339787,2018,PertussisIncidence reported case time series
Sweden,SWE,0.20555255729534105,261.8376802908466,0.22827737690062003,4.0,0.12113108843246384,2024,PertussisIncidence reported case time series
Singapore,SGP,0.10012336419410311,90.73623059851835,0.0365879348983693,4.0,0.09766298007004705,2018;2024,PertussisIncidence reported case time series
United_States,USA,0.0935118070129732,271.8127277049588,0.024566921841769434,4.0,0.09179177533264166,2024,PertussisIncidence reported case time series
