stem,country,status,n_chains,draws_per_chain_min,draws_per_chain_max,parameters_diagnosed,parameters_converged,worst_rhat_rank,min_bulk_ess,min_tail_ess,transition_rate_min,transition_rate_mean,unique_states_min,unique_states_mean,accepted_fraction_min,accepted_fraction_mean,accepted_fraction_max,posterior_log_prob_mean,posterior_log_prob_max
repair_sa_calib_adapt_s04_best_w120d120,South_Africa,ok,4,120,120,6,0,3.291295175602393,4.2079950645847415,9.092276698366062,0.35294117647058826,0.3907563025210084,43,47.5,0.4,0.425,0.4583333333333333,-340.59694960668315,-334.82662205150035
repair_sa_calib_adapt_s06_best_w120d120,South_Africa,ok,4,120,120,6,0,3.3910191439483155,4.211241702580104,4.598399396380982,0.3025210084033613,0.33403361344537813,37,40.75,0.35,0.37708333333333327,0.3958333333333333,-338.6910966080103,-331.06944446403645
repair_sa_calib_adapt_s04_random_w120d120,South_Africa,ok,4,120,120,6,0,3.315182752471763,4.196221789813885,7.491185233162038,0.2689075630252101,0.35504201680672265,33,43.25,0.32916666666666666,0.37708333333333327,0.4125,-358.8432486782289,-335.42599102945013
repair_sa_calib_comp_s04_best_w80d80,South_Africa,ok,4,80,80,6,0,2.8981023758234006,4.495980446327973,4.98479094756863,0.45569620253164556,0.49683544303797467,37,40.25,0.4375,0.5015625,0.55,-346.39549092228947,-340.86575646955015
