stem,country,status,n_chains,draws_per_chain_min,draws_per_chain_max,parameters_diagnosed,parameters_converged,worst_rhat_rank,min_bulk_ess,min_tail_ess,transition_rate_min,transition_rate_mean,unique_states_min,unique_states_mean,accepted_fraction_min,accepted_fraction_mean,accepted_fraction_max,posterior_log_prob_mean,posterior_log_prob_max
repair_sa_calib_adapt_s04_best_w120d120,South_Africa,ok,4,120,120,6,0,3.291295175602393,4.2079950645847415,9.092276698366062,0.35294117647058826,0.3907563025210084,43,47.5,0.4,0.425,0.4583333333333333,-340.59694960668315,-334.82662205150035
repair_sa_calib_adapt_s06_best_w120d120,South_Africa,ok,4,120,120,6,0,3.3910191439483155,4.211241702580104,4.598399396380982,0.3025210084033613,0.33403361344537813,37,40.75,0.35,0.37708333333333327,0.3958333333333333,-338.6910966080103,-331.06944446403645
repair_sa_calib_fixreport_adapt_s04_w40d40,South_Africa,ok,4,40,40,5,0,3.6721965898436904,4.46631775852898,4.525234926264906,0.3333333333333333,0.391025641025641,14,16.25,0.375,0.40625,0.4375,-346.0707566821976,-341.06346289225576
repair_sa_calib_fixveasym_adapt_s04_w40d40,South_Africa,ok,4,40,40,3,0,2.788008498912296,4.568206653135586,5.749283132674005,0.1794871794871795,0.3141025641025641,8,13.25,0.2875,0.315625,0.35,-351.80349905921605,-345.07499286492947
repair_sa_calib_fixfit_adapt_s04_w40d40,South_Africa,ok,4,40,40,5,0,3.4618137852243613,4.540106835042503,4.496253322934353,0.28205128205128205,0.35256410256410253,12,14.75,0.35,0.41562499999999997,0.4875,-359.9455766738643,-355.6110704888601
