country,parameter,rhat,rhat_rank,bulk_ess,tail_ess,n_chains,total_draws,converged,mean,sd
South_Africa,beta_S,57.95965390645493,7.622252495825595,4.7075061860432585,,4,80,False,0.009521323751917003,0.00016569915435160092
South_Africa,reporting_multiplier,4.185270726808115,3.387768522996003,5.027298057903699,13.142112125162972,4,80,False,0.9999565739135324,0.011738876155242378
South_Africa,VE_sus,7.128939902505385,5.388308455651985,4.816179790507002,14.927804516845612,4,80,False,0.15697526245714413,0.0085124405455454
South_Africa,VE_inf,3.138865389050594,2.712132978089596,5.392728810534892,9.709423663509392,4,80,False,0.25261084241536463,0.003712481462863453
South_Africa,relative_infectiousness_asymptomatic,3.9623444390633273,4.068511212304398,5.084146625781146,10.834743630791749,4,80,False,0.35070327564709436,0.0017432037760487103
South_Africa,fitness_R,4.4085328725094,3.373435415465722,5.0063244135433935,5.756833741442207,4,80,False,1.0041981321832858,0.0026690104032897188
